{"cameraMode":{"drawMode":0,"name":"Shaded","section":"Shading Mode"},"sceneLighting":false,"audioPlay":false,"sceneViewState":{"m_AlwaysRefresh":false,"showFog":true,"showSkybox":false,"showFlares":true,"showImageEffects":true,"showParticleSystems":true,"showVisualEffectGraphs":true,"m_FxEnabled":true},"in2DMode":false,"pivot":{"x":1.5536649227142335,"y":4.0327372550964359,"z":-3.0315637588500978},"rotation":{"x":0.13775880634784699,"y":-0.24854308366775514,"z":0.035738904029130939,"w":0.9580620527267456},"size":1.2247449159622193,"orthographic":false}