{"cameraMode":{"drawMode":0,"name":"Shaded","section":"Shading Mode"},"sceneLighting":true,"audioPlay":false,"sceneViewState":{"m_AlwaysRefresh":false,"showFog":true,"showSkybox":true,"showFlares":true,"showImageEffects":true,"showParticleSystems":true,"showVisualEffectGraphs":true,"m_FxEnabled":true},"in2DMode":false,"pivot":{"x":-7.440378189086914,"y":-1.0029126405715943,"z":-7.217672348022461},"rotation":{"x":-0.022238552570343019,"y":0.8711375594139099,"z":-0.039458781480789188,"w":-0.48890647292137148},"size":9.396381378173829,"orthographic":false}